log_date,activity_class,n_searches,avg_clicks,avg_good_use_rate,avg_answers
2025-04-14,food,141125.0,4.322883968113374,0.047749247629964284,2.7998795394154117
2025-04-15,food,148931.0,4.268856047431361,0.05311665411865633,3.06622529896395
2025-04-16,food,150231.0,4.123170317710725,0.053961421942499144,3.0774673669216073
2025-04-17,food,152221.0,4.236511388047641,0.05293587707324268,3.0469514718731316
2025-04-18,food,162492.0,4.164088078182311,0.05785967470799134,3.176205597814046
2025-04-19,food,130965.0,4.456511281640132,0.07327388402561845,3.632504867712748
2025-04-20,food,112775.0,4.456227000665041,0.06834625662363955,3.4685524273996897
2025-04-14,gas_stations,7915.0,1.7716993051168668,0.08532905028388109,2.932533164876816
2025-04-15,gas_stations,7621.0,1.7711586405983466,0.08964972625555051,3.0303109828106547
2025-04-16,gas_stations,7511.0,2.0379443482891757,0.09952771014113726,3.355345493276528
2025-04-17,gas_stations,7517.0,1.768391645603299,0.09378835727920998,3.0839430623919117
2025-04-18,gas_stations,7389.0,1.837867099742861,0.10440466694606573,3.411287048315063
2025-04-19,gas_stations,3844.0,2.2049947970863686,0.16901334049019673,4.344432882414152
2025-04-20,gas_stations,3497.0,2.265656276808693,0.16339588508677316,4.5127251930225905
2025-04-14,leisure,145052.0,3.443309985384552,0.035002389565639024,2.2266980117475113
2025-04-15,leisure,143335.0,3.4041092545435516,0.03460627105607948,2.2158021418355602
2025-04-16,leisure,141226.0,3.277633013751009,0.03468230027075171,2.213423873790945
2025-04-17,leisure,140955.0,3.2719520414316627,0.03665096381195357,2.258586073569579
2025-04-18,leisure,145078.0,3.298163746398489,0.03762935462496175,2.240808392726671
2025-04-19,leisure,118555.0,3.606199654168951,0.046348654833425804,2.485875753869512
2025-04-20,leisure,113385.0,3.7060898707941967,0.04721231124699837,2.5167438373682587
2025-04-14,pharmacy,16758.0,2.0387874448024825,0.07841618672465918,3.478816087838644
2025-04-15,pharmacy,16390.0,2.0372788285539962,0.08318936475386328,3.497620500305064
2025-04-16,pharmacy,15627.0,1.9759390797977858,0.08511030418274802,3.546937991937032
2025-04-17,pharmacy,15236.0,2.0538199002362827,0.08147763880306859,3.5653058545550014
2025-04-18,pharmacy,14886.0,2.054950960634153,0.08737428644361542,3.626696224640602
2025-04-19,pharmacy,11059.0,1.9831811194502216,0.10776545930160174,3.9882448684329503
2025-04-20,pharmacy,12169.0,2.057851918810091,0.09959307881770667,3.8909524200838197
2025-04-14,shopping,154613.0,2.8384353191516882,0.061616664440559916,2.762794849074787
2025-04-15,shopping,153299.0,2.7998551849653293,0.06172402132236345,2.7721446323850776
2025-04-16,shopping,150087.0,2.7186365241493267,0.0627712922972397,2.7549221451558097
2025-04-17,shopping,153274.0,2.789272805563892,0.07683904304361791,3.1115649098999176
2025-04-18,shopping,151533.0,2.733048246916513,0.09348016409547126,3.444701814126296
2025-04-19,shopping,127286.0,2.817717580880851,0.1109829102696161,3.7257043194066903
2025-04-20,shopping,122804.0,2.8249242695677665,0.10571005393264298,3.578588645320999
