activity_class,season,n_searches,avg_clicks,conversion_rate,avg_bounds_diag_km,avg_answers_count,avg_good_use_rate
atms,autumn,1763836.0,0.4408669513492184,0.3958909994375479,32.185985454571444,4.738009656226542,0.11245759949623839
atms,spring,2908114.0,0.20964859011716871,0.39980608075351476,41.85918489657614,9.629488046204516,0.11659662946252017
atms,summer,2371299.0,0.30419360865078593,0.3567998849913743,38.65803610930869,5.906966181826923,0.1197331660539789
atms,winter,1973174.0,0.3710118823783407,0.37812933381272795,34.54314190636345,5.083192865910457,0.12763258780985276
auto_services,autumn,1824033.0,0.8599460645722966,0.40108225982312323,27.885751665874903,3.974793219201626,0.07757486502303584
auto_services,spring,2022676.0,0.9333126017216796,0.40599370594316214,19.681976527250555,3.7651957110283605,0.08683273720230766
auto_services,summer,1610948.0,0.8659820180415507,0.3610685345905121,25.98585257261503,3.3422587197103817,0.07156933991160548
auto_services,winter,1510593.0,0.9989229395343419,0.32916814723830257,28.271183094525604,3.3606729277839893,0.08386359322288789
beauty,autumn,1653872.0,1.416196053866321,0.3155939888832674,10.292665875972032,5.224493189315739,0.19773680635941315
beauty,spring,1545064.0,1.2849597168790419,0.4614445433990228,8.592816739296486,3.835692243169215,0.060585535758955526
beauty,summer,1659019.0,1.3526921632603364,0.3498579552959866,9.562848407945182,5.742137371543063,0.08874045029878387
beauty,winter,1666555.0,1.614540174191671,0.3170906977442042,8.794050336248775,5.501891626738992,0.2345203127231199
delivery,autumn,1101430.0,0.5670501075874091,0.6082730172886938,11.162878880370823,2.908395449551946,0.07004355242817147
delivery,spring,1291555.0,0.37579274595352113,0.5050261123387395,36.937946921933644,9.79779258335882,0.09490121968933633
delivery,summer,872600.0,0.6506016502406601,0.5258978634557883,12.449864925446493,3.628944533577813,0.07372796100386803
delivery,winter,745011.0,0.7585525582843743,0.32578006172566043,16.2146394111536,5.108413164369385,0.13062554380635213
education,autumn,2207779.0,0.7797537706446162,0.3410776655555003,11.32331325031847,2.2169768803852197,0.041542392702275256
education,spring,3655291.0,0.43353784965410413,0.360882486750291,129.87722207444278,7.741047703178762,0.038962937846666684
education,summer,2263213.0,0.7337970398720757,0.37598788896746815,17.7056750321292,4.515986785158975,0.04457628466408087
education,winter,1777222.0,1.0512254518568867,0.36635279675072807,10.721078377991237,2.3444291146519682,0.04736418677658426
enterprise,autumn,2980322.0,0.5257918439685376,0.47053367952491265,31.363216303060657,4.826809317919339,0.0415599738025429
enterprise,spring,2509286.0,0.5883813164382219,0.45458957892833846,30.33227150253252,3.3944380991246117,0.04682789844659479
enterprise,summer,2166469.0,0.6400377757540034,0.4416221054322631,30.752306257372403,3.064044304349612,0.046439505314065606
enterprise,winter,3169122.0,0.48678592998313097,0.44218570882690106,48.14366823656131,2.08091042250819,0.045650995313461146
food,autumn,19062836.0,0.36244937531855176,0.26762335695586886,12.010735587659092,15.542727273108786,0.054751261208230775
food,spring,16368250.0,0.35165512501336427,0.28181526422528286,11.820102158535121,14.381397156079606,0.05496894660227635
food,summer,19619312.0,0.3478179561036595,0.27252120862823925,12.308211420272904,14.189064835708816,0.05966202528817522
food,winter,17057079.0,0.4115287852040786,0.257890950778205,11.332418460351409,15.737926816191681,0.05477434636071157
gas_stations,autumn,396025.0,0.44895903036424467,0.30133385806850604,18.217659256847632,3.371734107695221,0.16037526943554195
gas_stations,spring,398559.0,0.3820237405252422,0.3012703182625324,15.458214698536711,3.2013302923782927,0.14203581732760484
gas_stations,summer,373214.0,0.47512955033841175,0.35473603028815814,26.74414532940647,3.9656550933244734,0.1853817892051047
gas_stations,winter,344542.0,0.4096655850375281,0.2931235431235431,14.013738972663374,2.7992262191547037,0.13324347406546494
government,autumn,1768453.0,0.870690937220271,0.46812438115894195,36.87988557795778,2.75839561469827,0.05121876155406987
government,spring,1694102.0,0.7705043734084488,0.4606733922425249,27.69239268015663,2.6979131126697213,0.05081444521220815
government,summer,1896607.0,0.7131635599784246,0.456207452798604,,2.534723324336565,0.05283368424031252
government,winter,1743847.0,0.9524356207855391,0.47440529676046345,31.796415022886595,2.6308368796115715,0.051691646958758344
groceries,autumn,1433485.0,0.715617533493549,0.33948186693527516,25.915856374815764,6.127586964635137,0.09829120923022058
groceries,spring,1387059.0,0.6823011854578644,0.3525832834629962,14.726158354509115,4.8717531121603335,0.10516862055790721
groceries,summer,1376709.0,0.7632215667944351,0.32311297906746256,18.607707091114182,5.6349933065012285,0.11839302574297898
groceries,winter,1218266.0,0.8929191161864486,0.27275076223450984,17.296099905625123,4.769267959542497,0.15745380293024802
health,autumn,3756683.0,1.049527734972581,0.42339848874144903,20.014012579412892,3.23874705424972,0.07510155578897362
health,spring,4583479.0,0.7705956545235617,0.4104924412513097,17.637649865333174,3.3117370015222063,0.08311012145997548
health,summer,3272760.0,1.0407130373140714,0.4051167273429933,19.329084699312958,3.6297061196054705,0.09013444090369604
health,winter,3591187.0,1.344429014696255,0.36569899537749273,17.817148923759373,3.8032589224676965,0.18391000894962456
hotels,autumn,1979261.0,2.2766552768937496,0.34736006638165845,55.59430581736737,2.968662546273584,0.028208798332913943
hotels,spring,2433712.0,2.1345265996962666,0.3304927816831046,55.86364444362964,3.0191563340280196,0.028521496902046674
hotels,summer,2788385.0,2.4472578212836464,0.33547171329212594,62.724600716835305,2.899527504272186,0.028234718526707805
hotels,winter,2031849.0,2.7086712644492774,0.3269389810695956,50.74298588741304,2.8327100094544426,0.025963493852168364
household_services,autumn,1310592.0,1.1142323469088777,0.34169814897564016,20.11951093648363,4.345524770485399,0.12512431962875228
household_services,spring,1208678.0,1.0981560018466456,0.3579679666709856,19.257873057788125,4.626133676628514,0.10703234879388461
household_services,summer,1221557.0,1.065530302720217,0.3274859648872191,22.90177600118266,4.4016554282771905,0.13320858800120658
household_services,winter,1374803.0,1.2519262759828136,0.2725835327187244,17.364900152917947,4.4696512882209305,0.2749111193384454
leisure,autumn,15170852.0,0.37130617317999015,0.41545918960925327,26.907760208505135,16.118691883619984,0.043846527586717456
leisure,spring,13268288.0,0.3428548581399499,0.35326143038808505,24.650510994480353,14.48347616512394,0.036189379437648245
leisure,summer,14906540.0,0.39767605359795094,0.33547876370576996,26.215452905965908,14.830027021696518,0.03859977364804832
leisure,winter,14620094.0,0.4836218563300619,0.40388374788793274,26.497795321818398,15.545823029592013,0.051769198981024646
other,autumn,2096250.0,0.7354685748360167,0.4335250422620747,31.738773740065522,3.198122361359571,0.11219615265194834
other,spring,3128319.0,0.4815381679425915,0.4613307288079705,41.84756547721313,4.991418074691232,0.06800958441379516
other,summer,2189581.0,0.6971950341183998,0.449667546801997,42.64556076389102,3.3603333240469295,0.08080529141503166
other,winter,2293058.0,1.0365581681754235,0.23279505917886734,29.986416809372102,4.717932123827657,0.4684289026485603
pharmacy,autumn,473781.0,0.6024956678296512,0.5642370946234497,15.297942164415444,3.9390752267397806,0.08898346872829291
pharmacy,spring,460814.0,0.5604994639919794,0.5866114388519309,17.099063216209707,5.180176817544606,0.10088018516126716
pharmacy,summer,412089.0,0.6048741897988056,0.538960844126619,15.514479456017538,4.4739849886796295,0.10796416223193103
pharmacy,winter,501699.0,0.564581551886689,0.40485997652852246,26.29461794133946,5.831496574639376,0.1264910269820573
realty,autumn,661529.0,0.8914469358108261,0.3709868388254649,11.712279692850357,1.8555770041827342,0.022223900342771462
realty,spring,648838.0,0.84569183679131,0.3615033129181314,16.91660222700464,2.451986474281716,0.027711679738211592
realty,summer,582992.0,0.8090213930894421,0.30715298755618947,21.97068302773454,2.414022833932541,0.028926203256355178
realty,winter,662933.0,0.9942709142552867,0.3612335060916423,19.03697029264813,2.004772729672531,0.026147435391450577
shopping,autumn,5428745.0,0.8036498306698878,0.500462108270398,17.42256499867706,2.8269253759386377,0.06581416690249882
shopping,spring,6367842.0,0.587468721742782,0.4469162383069281,29.057631422392145,3.877530880948365,0.078400499902341
shopping,summer,4962628.0,0.7883498420594894,0.45225015720845246,17.519762522851764,2.8618721774027795,0.07351906112582067
shopping,winter,5078775.0,0.813469783560012,0.39888072805686475,22.89631868972103,3.559102342592456,0.08485916032516691
sight,autumn,4832660.0,0.30393406529737244,0.1331996713872154,14.786042925940317,11.437492395492338,0.013629844103027288
sight,spring,4947198.0,0.3926212373145364,0.22778926163398153,14.25475679597383,9.076351300271385,0.019977777089054283
sight,summer,5848778.0,0.3339400127684792,0.14617755757468168,17.362801616770852,11.071384142123364,0.01591772603863972
sight,winter,4415267.0,0.37778100395740505,0.1701044210903713,14.111234644236637,10.785017984189858,0.014366932826441582
transport,autumn,1632406.0,0.35581099309853065,0.5328091697058684,10.360585771586537,1.6413992597429805,0.025783787167586034
transport,spring,1635599.0,0.30820818550268125,0.4857894116698604,8.918559182795214,1.4787071892315904,0.021477172247055913
transport,summer,1850540.0,0.43556475407178447,0.5607502870996555,10.534611015105424,1.6515487371253796,0.023036519463463523
transport,winter,1462449.0,0.44520595248107797,0.5055803112360321,9.78602228439267,1.5995162908245006,0.030068367137125827
